{"BancoEstado": {"codigo": "012", "mae": 0.30329368147318614, "rmse": 0.34117745362003027, "mape": 4.495980735710401, "prox_periodo": "2026-02", "prox_nim": 6.2182744965922865, "periodos_hist": ["2022-01", "2022-02", "2022-03", "2022-04", "2022-05", "2022-06", "2022-07", "2022-08", "2022-09", "2022-10", "2022-11", "2022-12", "2023-01", "2023-02", "2023-03", "2023-04", "2023-05", "2023-06", "2023-07", "2023-08", "2023-09", "2023-10", "2023-11", "2023-12", "2024-01", "2024-02", "2024-03", "2024-04", "2024-05", "2024-06", "2024-07", "2024-08", "2024-09", "2024-10", "2024-11", "2024-12", "2025-01", "2025-02", "2025-03", "2025-04", "2025-05", "2025-06", "2025-07", "2025-08", "2025-09", "2025-10", "2025-11", "2025-12", "2026-01"], "nim_hist": [5.191306656656401, 5.494915958685553, 5.3529377188076595, 6.96426546569133, 8.306012689700088, 7.854620745373553, 8.004673267586938, 8.83638560591799, 9.212554228077023, 9.297078323287328, 9.420990192749004, 10.1208878092481, 9.336344646902498, 8.82330739724617, 9.663307287163764, 9.571014617286364, 10.158027109088783, 9.509785779487729, 9.284023586648328, 9.682297428893879, 9.038744360518576, 9.114819725961079, 8.954979363811722, 9.234975728963187, 8.207946313242093, 7.634669689651523, 7.955836534608414, 7.577009309653454, 7.787690776850799, 7.424155701468332, 7.481939864379826, 7.447152881000445, 7.188757264553875, 7.343265998132978, 7.219286035197204, 7.153108702585722, 6.9921455813151665, 6.317108819685931, 6.991841041424304, 6.349152385735401, 6.899149916596057, 6.562967838985426, 6.896600538939571, 6.8839627733577355, 6.578293645535357, 6.661306242096026, 6.484692487949319, 6.56659101906126, 6.427968120877664], "periodos_test": ["2025-05", "2025-06", "2025-07", "2025-08", "2025-09", "2025-10", "2025-11", "2025-12", "2026-01"], "y_real": [6.899149916596057, 6.5629678389854265, 6.8966005389395715, 6.8839627733577355, 6.578293645535358, 6.6613062420960265, 6.48469248794932, 6.566591019061261, 6.427968120877664], "y_pred": [6.416772162350459, 6.39776042469772, 6.382769348984646, 6.348397522247129, 6.3730491844868435, 6.352640657952405, 6.361636931598095, 6.314180968284148, 6.284682249538298]}, "Banco de Chile": {"codigo": "001", "mae": 0.28941329903981367, "rmse": 0.325972568851609, "mape": 4.193994181455097, "prox_periodo": "2026-02", "prox_nim": 6.329363102578299, "periodos_hist": ["2022-01", "2022-02", "2022-03", "2022-04", "2022-05", "2022-06", "2022-07", "2022-08", "2022-09", "2022-10", "2022-11", "2022-12", "2023-01", "2023-02", "2023-03", "2023-04", "2023-05", "2023-06", "2023-07", "2023-08", "2023-09", "2023-10", "2023-11", "2023-12", "2024-01", "2024-02", "2024-03", "2024-04", "2024-05", "2024-06", "2024-07", "2024-08", "2024-09", "2024-10", "2024-11", "2024-12", "2025-01", "2025-02", "2025-03", "2025-04", "2025-05", "2025-06", "2025-07", "2025-08", "2025-09", "2025-10", "2025-11", "2025-12", "2026-01"], "nim_hist": [4.631683726743846, 4.3087806715669945, 5.226432505694499, 5.181578125751265, 5.996094209211712, 6.222046266555745, 6.654604198742904, 6.8127832885733595, 7.435945879882022, 7.125813331789487, 7.675085726597553, 8.385740704391884, 8.493324411034498, 8.075914306954928, 9.126576291929656, 8.611165758876528, 9.146129293462561, 9.09471237774576, 9.203821144135139, 9.209120588685838, 8.359297384775521, 8.544873114696273, 8.323498040961463, 8.751876440709427, 8.22115940830892, 7.6528876529987935, 8.04568605820615, 7.484462245650994, 7.57607100415917, 7.755372236849029, 7.591642501220805, 7.4067960536363735, 7.115840109001146, 7.21551201521403, 7.012293477794356, 7.286470917091298, 6.830456619168183, 6.37754739808658, 6.9845535780297245, 6.554794949156266, 6.945466354423776, 7.075978673865905, 6.880787952386487, 6.90210139601473, 6.64078324738238, 6.828633160150012, 6.594335213350871, 6.945258654352848, 6.582089931673023], "periodos_test": ["2025-05", "2025-06", "2025-07", "2025-08", "2025-09", "2025-10", "2025-11", "2025-12", "2026-01"], "y_real": [6.945466354423776, 7.075978673865906, 6.880787952386488, 6.90210139601473, 6.64078324738238, 6.828633160150012, 6.594335213350872, 6.945258654352848, 6.582089931673023], "y_pred": [6.603326606427235, 6.586303569894858, 6.576053938597176, 6.521847273198794, 6.5554933385676035, 6.51946606637793, 6.5307971350573055, 6.461879708354683, 6.435547255766128]}, "Santander": {"codigo": "037", "mae": 0.2612164347057813, "rmse": 0.30269382989051946, "mape": 3.4528034301113752, "prox_periodo": "2026-02", "prox_nim": 6.94167801933874, "periodos_hist": ["2022-01", "2022-02", "2022-03", "2022-04", "2022-05", "2022-06", "2022-07", "2022-08", "2022-09", "2022-10", "2022-11", "2022-12", "2023-01", "2023-02", "2023-03", "2023-04", "2023-05", "2023-06", "2023-07", "2023-08", "2023-09", "2023-10", "2023-11", "2023-12", "2024-01", "2024-02", "2024-03", "2024-04", "2024-05", "2024-06", "2024-07", "2024-08", "2024-09", "2024-10", "2024-11", "2024-12", "2025-01", "2025-02", "2025-03", "2025-04", "2025-05", "2025-06", "2025-07", "2025-08", "2025-09", "2025-10", "2025-11", "2025-12", "2026-01"], "nim_hist": [5.150850837831445, 5.00176277934888, 5.775650127976236, 7.020899676229191, 7.3370154755651145, 7.065549646159836, 7.616462673377387, 8.267050746815896, 8.033132207811967, 8.726161137362876, 9.308362815362699, 10.212582270966251, 9.986910233405947, 8.924952707736995, 10.078217687310836, 9.805936489780217, 10.78584293500891, 10.228088591080178, 10.529476753750822, 10.43989930740674, 9.503543770035305, 10.333099659731335, 9.563680372686964, 10.003893391865715, 9.396581115822611, 8.455516560969988, 8.852409910662622, 8.107371357214381, 8.248761619581394, 8.038654542128802, 8.410445240277161, 8.389399085266916, 8.005774642830978, 7.825809099194602, 7.838670659411294, 7.660818037331783, 7.751190323475958, 6.944149597343909, 7.724494738373281, 7.301436003621179, 7.747777011437053, 7.635126609658843, 7.574130924746537, 7.694423965964277, 7.338660801715672, 7.365325360157407, 7.290283573298748, 7.319261291997546, 7.070282002016989], "periodos_test": ["2025-05", "2025-06", "2025-07", "2025-08", "2025-09", "2025-10", "2025-11", "2025-12", "2026-01"], "y_real": [7.747777011437053, 7.635126609658844, 7.5741309247465365, 7.694423965964276, 7.338660801715671, 7.3653253601574065, 7.290283573298748, 7.319261291997546, 7.070282002016988], "y_pred": [7.284218751015491, 7.265741788457314, 7.264420158499357, 7.195780211164156, 7.199858354055164, 7.162304722322959, 7.150556747248651, 7.098692898666336, 7.077814006822366]}, "BCI": {"codigo": "016", "mae": 0.430479177871504, "rmse": 0.448779882770604, "mape": 5.9286518356330715, "prox_periodo": "2026-02", "prox_nim": 6.620736587086418, "periodos_hist": ["2022-01", "2022-02", "2022-03", "2022-04", "2022-05", "2022-06", "2022-07", "2022-08", "2022-09", "2022-10", "2022-11", "2022-12", "2023-01", "2023-02", "2023-03", "2023-04", "2023-05", "2023-06", "2023-07", "2023-08", "2023-09", "2023-10", "2023-11", "2023-12", "2024-01", "2024-02", "2024-03", "2024-04", "2024-05", "2024-06", "2024-07", "2024-08", "2024-09", "2024-10", "2024-11", "2024-12", "2025-01", "2025-02", "2025-03", "2025-04", "2025-05", "2025-06", "2025-07", "2025-08", "2025-09", "2025-10", "2025-11", "2025-12", "2026-01"],